{"cameraMode":{"drawMode":0,"name":"Shaded","section":"Shading Mode"},"sceneLighting":true,"audioPlay":false,"sceneViewState":{"m_AlwaysRefresh":false,"showFog":true,"showSkybox":true,"showFlares":true,"showImageEffects":true,"showParticleSystems":true,"showVisualEffectGraphs":true,"m_FxEnabled":true},"in2DMode":false,"pivot":{"x":33.793914794921878,"y":-7.6632208824157719,"z":-30.652729034423829},"rotation":{"x":0.31175756454467776,"y":0.5509533286094666,"z":-0.23275895416736604,"w":0.7383530735969544},"size":16.27100372314453,"orthographic":false}