{"cameraMode":{"drawMode":0,"name":"Shaded","section":"Shading Mode"},"sceneLighting":false,"audioPlay":false,"sceneViewState":{"m_AlwaysRefresh":false,"showFog":false,"showSkybox":false,"showFlares":false,"showImageEffects":false,"showParticleSystems":false,"showVisualEffectGraphs":true,"m_FxEnabled":true},"in2DMode":false,"pivot":{"x":0.00012004375457763672,"y":0.9254939556121826,"z":0.033701375126838687},"rotation":{"x":0.06127287447452545,"y":0.8514621257781982,"z":-0.10214847326278687,"w":0.5107356905937195},"size":1.3285670280456544,"orthographic":false}