{"cameraMode":{"drawMode":0,"name":"Shaded","section":"Shading Mode"},"sceneLighting":false,"audioPlay":false,"sceneViewState":{"m_AlwaysRefresh":false,"showFog":false,"showSkybox":false,"showFlares":false,"showImageEffects":false,"showParticleSystems":false,"showVisualEffectGraphs":true,"m_FxEnabled":true},"in2DMode":false,"pivot":{"x":-0.0008339285850524902,"y":0.6176947355270386,"z":-0.05351996421813965},"rotation":{"x":0.05468519404530525,"y":0.8866686224937439,"z":-0.1088312566280365,"w":0.4461730718612671},"size":0.9739435911178589,"orthographic":false}